id,symbol,timestamp_utc,predicted_close,confidence_score,signal_type,model_version,is_published,created_at,signal_status,entry_price,sl_price,tp1_price,tp2_price,current_price,last_checked_at
99170612-6702-46d4-9475-3e0e6817c2a6,EURUSD=X,2026-01-10T17:31:55.905Z,1.16540000,94.00,LONG,AI AGENT V1.5,true,2026-01-10T17:31:55.905Z,WAITING,,1.16190000,1.17000000,1.17480000,1.16390000,2026-01-11T06:44:22.526Z
d813d3c8-7b47-4fca-bd80-23c7096a335f,EURUSD=X,2026-01-10T17:21:24.222Z,1.27500000,75.00,SHORT,AI AGENT V1.5,true,2026-01-10T17:21:24.222Z,WAITING,,1.27800000,1.26900000,1.26900000,1.16390000,2026-01-11T06:44:22.793Z
7ccadcb5-b591-4e73-ab21-f8943cd6fe7f,EURUSD=X,2026-01-10T17:21:23.867Z,1.08500000,95.00,LONG,AI AGENT V1.5 EXCLUSIVE,true,2026-01-10T17:21:23.867Z,ENTRY_HIT,,1.08200000,1.08900000,1.09300000,1.16390000,2026-01-11T06:44:23.059Z
c1cbcbe7-003f-4dac-a5e9-3d3ebdeaeb60,EURUSD=X,2026-01-10T17:20:53.355Z,1.08500000,95.00,LONG,AI AGENT V1.5 EXCLUSIVE,true,2026-01-10T17:20:53.355Z,ENTRY_HIT,,1.08200000,1.08900000,1.09300000,1.16390000,2026-01-11T06:44:23.325Z
6e1604de-2dd5-4a78-82e4-9c6333801289,EURUSD=X,2026-01-10T17:01:55.905Z,1.16390000,96.00,SHORT,AI AGENT V1.5,true,2026-01-10T17:01:55.905Z,ENTRY_HIT,,1.16740000,1.16040000,1.15690000,1.16390000,2026-01-11T06:44:23.591Z
642c22f9-3896-484d-b7a4-884186944135,EURUSD=X,2026-01-09T05:55:53.752Z,1.16540000,92.00,LONG,,true,2026-01-09T05:55:53.752Z,ENTRY_HIT,1.16540000,1.16190000,1.17010000,1.17470000,1.16390000,2026-01-11T06:44:23.856Z